use invoices;
insert into brand(id, Name) values('d80aa5ed-5252-4f6d-a9eb-c5766d4402bf','AUDI'),
                                   ('9f975215-df95-46c0-b7a2-1c5a6255f4f6','TOYOTA'),
                                   ('c32709b1-1de4-4b5d-811c-b1a90b47a132','BMW'),
                                   ('58fb8eb8-5144-4019-84d0-a697aebba68c','VOLKSWAGEN'),
                                   ('38e922be-f067-4702-8472-359e30cf704f','HONDA');
insert into type(id, Name) VALUES ('38e922be-f067-4702-8472-359e30cf704f','SUV'),
                                  ('721a064e-6c49-4603-8666-6127aa9f5788','SEDAN'),
                                  ('1dfe216d-b264-4558-8833-2172291a2843','JEEP'),
                                  ('9b9088c0-e868-4fc0-894e-52f51c54c478','CROSSOVER');
insert into engine (id, volume, valves, Brand_id)
values
       ('1',1, 6, 'd80aa5ed-5252-4f6d-a9eb-c5766d4402bf'),
       ('2',2, 6, 'd80aa5ed-5252-4f6d-a9eb-c5766d4402bf'),
       ('3',3, 4, 'd80aa5ed-5252-4f6d-a9eb-c5766d4402bf'),
       ('4',4, 8, 'd80aa5ed-5252-4f6d-a9eb-c5766d4402bf'),
       ('5',5, 6, 'd80aa5ed-5252-4f6d-a9eb-c5766d4402bf'),
       ('6',6, 4, 'd80aa5ed-5252-4f6d-a9eb-c5766d4402bf'),
       ('7',7, 4, 'd80aa5ed-5252-4f6d-a9eb-c5766d4402bf'),
       ('8',8, 8, 'd80aa5ed-5252-4f6d-a9eb-c5766d4402bf'),
       ('9',1, 6, '9f975215-df95-46c0-b7a2-1c5a6255f4f6'),
       ('10',2, 6, '9f975215-df95-46c0-b7a2-1c5a6255f4f6'),
       ('11',3, 4, '9f975215-df95-46c0-b7a2-1c5a6255f4f6'),
       ('12',4, 8, '9f975215-df95-46c0-b7a2-1c5a6255f4f6'),
       ('13',5, 6, '9f975215-df95-46c0-b7a2-1c5a6255f4f6'),
       ('14',6, 4, '9f975215-df95-46c0-b7a2-1c5a6255f4f6'),
       ('15',7, 4, '9f975215-df95-46c0-b7a2-1c5a6255f4f6'),
       ('16',8, 8, '9f975215-df95-46c0-b7a2-1c5a6255f4f6'),
       ('17',1, 6, 'c32709b1-1de4-4b5d-811c-b1a90b47a132'),
       ('18',2, 6, 'c32709b1-1de4-4b5d-811c-b1a90b47a132'),
       ('19',3, 4, 'c32709b1-1de4-4b5d-811c-b1a90b47a132'),
       ('20',4, 8, 'c32709b1-1de4-4b5d-811c-b1a90b47a132'),
       ('21',5, 6, 'c32709b1-1de4-4b5d-811c-b1a90b47a132'),
       ('22',6, 4, 'c32709b1-1de4-4b5d-811c-b1a90b47a132'),
       ('23',7, 4, 'c32709b1-1de4-4b5d-811c-b1a90b47a132'),
       ('24',8, 8, 'c32709b1-1de4-4b5d-811c-b1a90b47a132'),
       ('25',1, 6, '58fb8eb8-5144-4019-84d0-a697aebba68c'),
       ('26',2, 6, '58fb8eb8-5144-4019-84d0-a697aebba68c'),
       ('27',3, 4, '58fb8eb8-5144-4019-84d0-a697aebba68c'),
       ('28',4, 8, '58fb8eb8-5144-4019-84d0-a697aebba68c'),
       ('29',5, 6, '58fb8eb8-5144-4019-84d0-a697aebba68c'),
       ('30',6, 4, '58fb8eb8-5144-4019-84d0-a697aebba68c'),
       ('31',7, 4, '58fb8eb8-5144-4019-84d0-a697aebba68c'),
       ('32',8, 8, '58fb8eb8-5144-4019-84d0-a697aebba68c'),
       ('33',1, 6, '38e922be-f067-4702-8472-359e30cf704f'),
       ('34',2, 6, '38e922be-f067-4702-8472-359e30cf704f'),
       ('35',3, 4, '38e922be-f067-4702-8472-359e30cf704f'),
       ('36',4, 8, '38e922be-f067-4702-8472-359e30cf704f'),
       ('37',5, 6, '38e922be-f067-4702-8472-359e30cf704f'),
       ('38',6, 4, '38e922be-f067-4702-8472-359e30cf704f'),
       ('39',7, 4, '38e922be-f067-4702-8472-359e30cf704f'),
       ('40',8, 8, '38e922be-f067-4702-8472-359e30cf704f');